Flight Name,Departure Airport,Arrival Airport,Airline
SNKYIJ,JGO,JOX,BC
HJKLXM,DWL,TDV,RR
SWDMHH,EEK,GTU,NL
YCNNEA,TDU,VVD,PL
VNUESU,CLN,CSE,YY
GIPTPJ,XNB,ZPP,FN
NFXEXL,PGL,TOB,HX
XILNKY,FDN,ZMJ,PY
MOIPPB,JLW,DLQ,AM
ESKOBE,VLH,WQC,UM
MCNWRM,SSH,SMY,OH
FJLPHR,ZOM,ALD,BT
TNKHNX,YDW,HMI,US
BERTDM,CFX,EBF,PG
HOJSKI,GWH,USL,HS
GSWCDS,DSY,MDQ,SQ
TBINXL,ZCT,MTY,FE
XGRRUX,WHY,RWD,YE
HUTIDZ,QUP,QFU,PY
XITLDW,IPP,WBW,XT
WCYOXZ,FEA,TBT,HM
CIFJNP,VYP,VSE,WZ
WTJJLR,OSG,SQJ,ER
CQROCV,ORP,PGQ,NR
YJORAG,JPF,BMB,UG
UVCVGQ,ZJJ,KQI,TY
MYPNOZ,JVN,CLN,MQ
RVRZSH,YGN,TGH,QC
SCVXKI,QCM,CGE,XT
SVWROJ,QNW,QML,FJ
SIQMMX,KKB,EIS,ZY
MQOGJN,ARH,FEB,PQ
SDLQKQ,WXH,BVQ,OR
VAIBYZ,FEW,XQW,JL
BHWOWL,QFX,TIH,WC
ZDCMPF,BHP,RLA,IQ
KEWYBK,FRV,SLC,BL
JPSRCU,IAD,CUY,PR
RMXIVU,CKX,BOQ,RU
HOMFEX,GWG,BCB,BE
YGDZJE,UFT,LGN,FK
FLGIRC,NYC,HHN,RC
PQVYHL,YAY,WZJ,ZB
MFLSWK,VAO,AXV,VF
QEBYLC,SMK,OLV,ZV
RXHHBB,DES,FFJ,CL
XYOPNG,NED,ELQ,ZA
NLGAIP,IRK,MOV,LL
FRCVXX,JAU,NOH,QF
WPFCYS,SBK,SOR,PL
GPQSPN,LTG,WNV,HG
XNQXLJ,DGY,PUB,ND
HFMZUV,XJP,HFF,ZR
UWRSWO,XCB,OPN,PA
HFMGVR,GEO,GES,QR
TYAVRI,SRE,FIE,ZY
JJAGSU,RFY,ZQZ,TQ
FVOUNP,QEO,GUN,PR
QAQYAZ,RSI,OPJ,KE
HZSNIC,XJN,LAE,PU
ITKXSS,MWV,OCJ,DF
EGUKSH,SVM,EHC,VA
VTMECU,KWE,SWT,XL
SAFYUN,ZNC,PQQ,NF
WXJWXL,ZKS,KNX,PH
QCMJBJ,YWH,KTL,IU
IJPMLG,HWT,VIT,RO
BFKGRA,NPB,NYV,RI
IWJGLB,CTD,HSJ,OM
LANWWU,IUF,UVX,JI
QYCJGH,RFK,RSO,AZ
MPVSKL,HPO,KJM,VK
WWQHUP,TEY,CXC,ZB
WLNYOQ,WIG,KPT,FE
AGBJLG,NTX,TYL,WN
ASPDRD,XSS,OPQ,CG
ENNSMZ,KAR,ZGM,BN
GXGBUR,CRY,XCX,UU
NYZTKU,EKR,TCF,DL
MPBGGJ,DDD,ACN,KH
NEKACO,ZRP,WQE,ZO
BNZPMD,HVX,PGH,YC
XVQQKD,ZJS,EDH,YO
MMUKOG,QXQ,SED,BE
QFARKQ,FNQ,AJR,CK
QITVSX,VTQ,MZK,HD
ZUNYPL,HEZ,IZX,WY
GQLKUP,YLS,TTS,ZE
LQYNJN,OEA,AJC,TB
WQBQCT,XIU,FPY,NM
XLZNOD,HII,XZD,UN
NCSWMV,NSR,BUC,IH
HJBOEB,YEA,GEB,WC
MKBEQL,TAH,ATW,EN
AIWUQY,RRH,GOG,XO
OPSPVZ,FUI,NRF,WC
VHNCIF,BTV,OPN,SA
GUZOYD,HVK,YYA,JZ
IUMIHB,RDP,YVV,MK
SHFAMO,PQQ,EIE,WZ
QHQRBV,QLO,DLU,YF
ZNVGCT,UEY,XKP,WB
PHNYZK,ANJ,DQT,CE
APYTNO,RFG,XYE,MB
BMHJFJ,ZCP,RNM,SY
ZVNSPP,LJB,APP,EX
GNVOIR,PIR,LIU,PE
IAXWNL,RQQ,XXP,ZW
MBUPAK,KAE,PRC,WM
LZPNFK,DAQ,FBU,RG
JLVYEB,SYU,RMT,TW
UXPXGC,GGK,KTP,GY
TZDAAE,QOO,OVB,WT
HUIHRL,VCO,RVH,GH
RCQACI,GDJ,EES,PO
STVLSB,TPN,UZE,QS
HKYNSG,PZA,YKR,JZ
MZDYZP,INT,OPO,WA
PFHKIR,JEC,KKO,VG
MPUFXX,BKR,GPT,AC
QOSOAZ,NRA,HFZ,HN
IVLAOR,ZIK,JSC,YX
RQKOUX,QRX,QDG,RB
IXXNFL,YEM,RPP,NI
OKBANA,QIW,TJR,OZ
ZNQVGG,KWZ,TBG,NV
ONASTE,YPO,KDJ,TM
WRWCML,AHK,BJB,OL
YNDOYW,XZG,VUA,RN
YORKJC,SKL,WMI,ZA
RIGNPS,VTQ,LXA,CL
LXUCPH,ABD,QWF,IT
STPTOJ,BKV,NOZ,TO
BYUUYA,XYH,OGD,PU
YNEKUU,QQH,GTI,CV
KTEEMM,XUA,ULS,DK
NLMZJB,XQG,EMN,JQ
SFQWGO,XIB,FRG,MX
SQHIZC,EAR,FLX,RC
OWENET,ZJU,JNY,LG
CIEOTB,FWV,GMS,JL
CYXTXV,ICD,PKW,RH
JINOIB,SRA,CQL,XD
RILOYW,TLZ,DZO,XC
FGUCKL,JZJ,SEJ,LR
ZGPMAF,DZB,XBC,KZ
JPNELI,EUE,SUK,CE
EMZOAX,MGJ,VAB,CJ
LKQADD,RYN,OEW,WH
LVKTZT,QUF,FNZ,CJ
OPJNHX,RFG,LUF,LC
OZOBWO,WLM,CHQ,TD
ETGPAK,CVU,PJS,FS
CWOACG,YAK,VON,TF
OZHWIM,KOS,XHJ,MW
QSFFBA,OBN,NBB,QU
IGIKTE,SKY,JTD,YE
LGIDOS,NOF,ORV,SM
TBIDCR,LIW,CLC,SM
INIQEN,XLM,MXO,NK
LJCBOE,YFJ,FAQ,AN
ETCAZP,GNH,FOT,GB
ZAFWRR,POJ,OZU,KS
HRTDMO,YVA,WJG,QW
WCABJV,OGF,XUE,QX
RVLZAX,LRZ,QKG,YU
ODQEBU,RKC,AHA,GI
CIVKWZ,NND,LJT,FS
GUONRV,NEY,XVD,WH
WDTHHB,XVF,SBL,QC
ZADXMO,UBB,CBZ,VP
YXICYO,FUF,TJR,CF
INXVBO,GVJ,ARA,UT
WSKYEX,CCK,WFL,BR
LXCXKR,IHO,JYA,UJ
FGMCGH,FLJ,RIF,MC
WOLEUM,LLR,IZT,TK
HPKBLQ,UXF,DCV,YX
ZOKPVL,ATZ,RNW,MA
KZUUHV,NBO,TIX,HP
CWTUSJ,WJU,MRB,JF
DVQANP,KOW,PUR,UZ
FXHSQV,UMP,TIE,CM
QSHKKM,SRF,OXQ,JB
YXQJZK,KAJ,YRE,CM
RCLFZF,BRC,RDG,KC
HQJETY,ZPV,ETM,OF
DAXGUE,RXL,GPJ,LX
YTBACF,UAN,YQS,DU
CVGKPZ,WLK,DIO,OA
ONENMU,MZZ,LFV,FO
LVUNVL,ZKM,PHH,OA
HBISCF,CKS,MRN,XT
TIEYCV,XVA,LWE,VU
VYCWPX,CVV,UYJ,KC
CQYAYI,JRW,YYM,WD
CJCPLH,UCL,QFL,GB
KYQIYP,XZV,PZQ,EF
SSFFLY,VAT,VWQ,VD
MSVGLR,ZKW,PXR,VU
IHPPOY,AAQ,WKS,TX
DBQOXA,FIQ,ZJF,AY
DYKEIX,TIU,VLX,KR
FTAFSB,OED,KQK,PN
AVBHQP,LBD,LJQ,DJ
ADWDFX,TXZ,JJU,KS
VSUOKE,FRN,QBL,WD
YMQHGG,ANF,IIQ,TM
BHQTYH,EGS,TOH,GK
ZRALZZ,PLH,GAW,LZ
NRNXFX,VWK,OAJ,GI
ZUCEXA,NDF,RUF,YJ
OEREOF,IOJ,OPR,YH
BIYBFF,YPC,DSK,XM
PKLKSO,QAS,PYV,UJ
RKVANJ,PPN,HJH,EO
ZSCBPP,ANG,AMW,OW
GVPBZE,AOW,DPK,YQ
KONKOM,UKB,TVN,EG
RHFTUI,MJK,LAC,NG
WFKYYG,KZC,MGY,TZ
HHQHPE,TEZ,NUL,OL
RUTXWH,XKB,MCR,BY
DCCMXL,OXO,DCM,NZ
UPVNMB,QSY,VCM,XN
DNQZPX,BCD,JHH,XV
MQCXEK,QDO,GYD,VC
CPYBVW,NPF,PHA,MA
SSLWAY,QCJ,ISE,EW
BCWXHA,OGQ,BUX,FK
PPSQVY,VGG,NYL,NB
SFYGNJ,FQM,IEF,FY
ERYYCS,NXO,LQT,NM
HYCZQK,QSD,IQD,BN
TEEDPI,XGX,TSF,YW
BAALFZ,JBP,ENC,UN
FYXGQH,ULS,HFY,AM
BHWWQZ,HCR,UDQ,AO
WTBKZZ,RWA,HBM,BR
YCXBBD,QLC,OZP,OA
IXCPCJ,PKC,NZG,OG
IIMRMW,NYX,KKD,XS
QJEKKK,SQW,LFO,TP
MAAIJB,VUF,ZXZ,MD
ANKQVY,YOK,ECW,PS
PAOJME,WGA,ZCT,MR
SZXJNS,PYM,BDP,OM
FISKZR,OMK,PKV,DY
JQJLXV,KRS,XCA,YZ
RSKMNY,DKH,FEM,DB
UXONKW,YSE,RLL,YA
XUAXKM,BZC,WDG,UU
RUAXDM,EZH,YDD,XP
QNDLTX,OAB,QCP,FX
QUCDMS,HYK,KGI,AC
IGNFUF,GGY,QMV,JT
GITOZG,CYZ,KMS,YD
LLULQW,IVR,HPV,NB
SDYDJG,UHE,IMF,MW
FLAIBR,ILP,BFX,JZ
INOTWS,CLD,WTP,SW
TFCWXB,ZKC,GDY,CK
DDUTAA,ILK,NPP,KN
ZPJCYX,RMT,MTX,IL
HIEXAJ,DJQ,FVK,OV
ATJGUB,GLK,BAQ,IT
LAJAQX,IZQ,AGJ,PB
ANGXZX,EYI,KKD,ZX
OIMXBQ,CZY,ETS,BL
QPPMTX,DWP,GAB,BU
AYWXBR,FZW,AEJ,SW
JSKQAW,YIX,DHB,TG
ZFMERK,FES,RKO,SL
TOEDVJ,LRM,IEF,GE
FKLRIQ,HUP,YXS,RI
DOQDVR,DOO,LVZ,NU
OBBFCP,POO,EEN,LE
HXHHNA,VCY,LJV,GP
XCBBOS,PWN,IKT,MW
VXXGEY,XUA,FUO,RE
WHJJRS,MNZ,CCS,OI
PVIHMB,RVI,UFF,GP
CJHIMQ,HTU,BLB,FG
JUJLZR,IEX,FKF,CU
QHPWPS,ZMV,MZO,XA
SVDHQE,XET,OHG,QO
VGDVTA,PXV,ITM,DS
VTXNNG,ZXI,RJV,KU
EMWLSP,ORG,DAL,OX
WPEKVH,YWV,OOF,PM
YNEEAA,WMJ,BGP,QP
WUYXYE,UWJ,NII,ER
QXGALZ,YVG,KVB,BH
USXHNG,IFK,IFQ,OH
HHVQGN,VTG,XHI,KY
BKCYAA,PXC,NKP,QH
XAPNFK,LIB,RVD,GT
DDXISQ,FGM,KMJ,PO
TLKQMD,SEK,ZII,LI
OLQHXW,BBN,JJP,OU
UBDWUU,XXO,KKA,BS
ILGVZT,IJB,SPE,EK
MYVVWC,FHQ,LNO,XA
EZRGXI,LTV,BCV,TR
BMDXZQ,SDS,ZKH,OH
ZWQEBY,PHH,LJZ,HN
CWUSHP,EKE,HSM,QV
OPBUFX,WNM,XXX,XT
BGZMFA,MBX,STO,JW
QZYIKS,KMT,JWW,OV
WTFNDB,CCL,AHV,DP
WLUIAY,URH,KLR,XS
ZZLPZX,NDC,JOK,AR
OGVPIN,PAU,DYP,FE
QXWHQO,RRR,MAG,XL
BPJBXK,RJD,ORU,NY
SCOTVI,MGA,IFH,EK
FUANIM,DJT,PVY,PM
PJPOLM,YFH,MUN,AN
AHHZVE,WBB,XJH,AK
XTIOMS,CCT,UGH,PM
DGZNWM,CYQ,KGC,EF
FCGMHQ,HDA,JDV,SW
NSZHVD,ISG,QJC,LM
YKJABX,DOO,NJW,YI
RKPYYB,IOM,QXX,ZB
VCITND,RGZ,IPC,EG
IDHKVY,TVJ,XNZ,KI
ZKXEQT,AOD,TDF,LG
DKMELG,OFN,YVS,EK
DSTZZA,GHG,VVI,PG
ISMWGT,YIX,ORQ,UY
EPCLGE,IOB,PBZ,HX
NEOECO,LUR,DSC,FJ
WHVEQQ,VUI,AOO,SN
DJAJRF,KKO,NEC,OR
HPBRAC,EYS,MNG,HN
FZJSHC,GZZ,YUB,CO
NGSRPL,TZD,JDH,LY
LIPIOW,YDO,XLR,HI
WQLJEV,ZNF,KVB,NU
DIECDD,DPE,ESQ,PD
HLUFYK,MUU,OUY,JK
QQETWK,ZFU,IDL,AF
UJZSGG,GRR,IWI,SY
BVCVGA,MBN,KBR,KT
BKWGZJ,YDC,KGY,BJ
VJKWHX,KWV,HOP,DG
RKYDXO,MIS,GMT,WI
YOSXFM,TYC,FWK,RH
PPWOSG,PHK,NGP,FD
ITLEGX,QXY,HWA,ZR
MEWZRA,VAN,UVF,BV
QBXDRI,AUH,DPX,DY
MFCUNU,KSM,DNA,CU
HTWATS,YIY,QKE,MT
GLXQEC,EWP,LTE,MJ
KJVEVL,AND,SZQ,EK
HYJPMC,ENW,DDO,NR
ZREUHJ,PUU,HBD,TX
SIUUQL,XLC,MIE,KG
NCZISQ,YGH,PYI,EP
TWOVUD,EXP,RJO,KZ
CIZRKU,UGG,ZBX,ZU
QFXRIU,TDR,KDP,WR
YTOKHP,DUS,HDG,OE
CCBLFG,KUH,QAR,CH
LBDTZW,XDR,FKQ,EV
QYKIMF,LWG,GZN,MZ
TBCWXP,OZV,VVW,KY
INAUKJ,CIY,YQE,PE
DEUTBK,NED,FWV,NA
MUNVUM,YHJ,UIO,DA
XGMYMM,EWK,XPN,KA
ZPDMZH,XLG,NGW,QB
DZDRTH,JQU,KMQ,MJ
OWFDFK,JOR,WZE,KS
GFQDAS,SNA,ZYA,LV
FWZFDC,LZU,NXD,IL
HFUVJC,POP,LVB,YK
ZGTJID,IVV,QOK,QK
OKABSF,BBN,NKA,AH
JZIRKM,PHY,FXC,LM
SDEVYF,KZW,EXD,BB
PCZWMM,DME,WGZ,JM
NEPQSW,PVN,NPJ,VK
FNLUAO,WQQ,ADM,MG
YIMDQC,VRZ,YCH,PM
RDUABH,BKV,NQQ,PG
ZFNZCE,OXR,IGR,NE
UNBWKI,VIR,WHZ,AD
WDJZOY,HVE,QUU,VB
HVZRVR,HPJ,HXC,HQ
FZIEWK,EGB,AVL,CP
XNJHOG,DQW,XBP,HH
ZPHQTS,HGI,MDL,QW
JPIQVX,PAR,RUY,RN
JPIJZG,EPM,CRG,ZI
EMURBP,PPK,HLR,AW
YUROZE,UWV,YEU,TA
BBQRBY,WQL,NIN,NK
MNMJPD,BMI,MPJ,ZI
BSSYNI,ZZY,HDN,HM
SLWCAR,YMX,RUJ,MM
EGGRDU,TXI,NIQ,XA
DDSBJL,GSF,RSG,MA
HIDQUK,DBR,TAN,CV
LEPUSB,YKU,YYT,DY
RAKMQK,BZY,MUS,PD
RLFRAI,KFQ,AJD,BU
LYJIUG,GRO,JZG,HX
ESVHPJ,JOC,AQL,VV
OAWIPI,PAV,YWM,NH
BKTEXB,TCH,SIT,CZ
ZKKDCA,TNT,IAO,JR
JHEGCQ,RJR,CDC,ZH
FOCJRS,MAN,QCO,YQ
BNHNIG,BMH,ULD,KY
NJDDPP,BNM,BDP,BE
EIEIBL,QSX,DSL,UW
PYLJTY,WRY,WZF,OE
FYRHQS,JQS,IFJ,MZ
MPJMYS,TMF,VYQ,RU
IZJSOF,KKE,VKK,SC
YBGQST,ZOH,SCU,GE
FFBDEA,FSC,XZB,RV
YPBTKM,QBB,STI,EI
HRGWWG,RDD,CSG,PX
ZRWHHE,IXW,TDV,PM
BWZKIK,DWN,OSK,JT
RXIDVD,ZJB,PPQ,AI
VNMDCC,ZUX,YAA,CF
PHHMNG,RBX,MZX,GJ
LWXTTK,WQV,MFW,TU
YWTKNC,QTM,NSP,YB
JAKTAC,XXO,SZV,CC
CYGMKA,ARI,TRZ,QU
LOMMBT,HFH,ADY,TF
TMVVAK,EVO,TWT,GP
BMAKCZ,BBS,YFF,AP
USWIOS,JBC,SUK,CV
LYUHHA,BOT,GOE,DX
WVBIIQ,MZS,AZM,MB
ZXZKFR,HHS,PRV,AG
ZWXJUN,DOP,ZZE,CR
KNSRBK,DJO,ZEL,VD
BHDJMH,ZGO,VRU,FI
SFAQUV,WOF,OHF,XB
GZBPEM,WDN,XNI,XU
TCKJMF,JHO,FFV,AU
IYXRWX,BHD,NHB,XX
CLVFYX,FIP,RCH,PN
FKGSJY,UHR,XRL,FN
INOOVY,RMT,WNS,ZC
HRDGVR,KBC,TNA,NQ
ARBGXD,SQR,UTH,WN
FHXBUF,QCN,SFR,BB
FQNZVY,PXM,ILJ,MP
OQGVEW,NIW,XZU,HH
NIWKFC,VPH,OBN,UW
GOZUHW,OLJ,KZX,YE
ZEKQPI,TDE,LBV,EQ
ZPBDIX,NCH,HTQ,JL
VYPTWA,RJJ,VEH,XJ
UQEIET,JAK,CYK,ZE
ARMLGM,AII,UOU,XZ
YHMKPK,NHF,RMD,BK
TNUMKN,ZWE,TZW,NN
VOVPTX,WIR,ALC,EL
TXVCQC,HJC,XEW,YU
UCCQEX,FTJ,TRA,YL
DYCOXH,BJZ,VGE,AK
LXYOTO,KJS,JCE,GT
NZWCZW,BFE,VCN,PL
KYSBCH,FGG,MBQ,HC
ERSBVN,TML,LQL,AP
ERWBLR,CXB,WLO,LP
AFGTXO,SJQ,COD,GY
BDJBYG,SKF,ISW,DA
GOGVPU,LKV,HWP,SU
VCWDXQ,XUD,ZDU,LL
PUCOIP,HBX,IUP,XE
XYPRBV,XLX,EVP,ZI
NDJYNY,JDO,OKS,EA
DLXVQU,YBA,VDN,JQ
WOHMYP,GXH,UEH,AJ
VTKQCK,RLK,QEZ,VU
YFDXPY,JAG,PZF,HQ
SZXXLK,VVH,ZWW,VL
WDAAIV,KYP,QYN,FN
CNRSWJ,WBO,EVC,XH
HIFHWA,DOK,UHM,EX
WJPUYL,IFH,XWE,MB
AHKSJS,CZD,HLD,FS
EDUAIP,NAJ,FNQ,AX
WWLPDL,COR,ORI,JQ
YZWHLZ,LFQ,HRG,DA
FNSINN,NNN,SNC,TN
AKJOTR,TQI,PRU,VU
CGLWGE,DZG,BMF,WV
HVSZSE,AFZ,GSC,UW
FMZNQW,BIY,GOZ,JP
FHYTLV,CHG,AYM,DK
WAVGFK,ALS,DTV,UX
HRCMAR,HFN,WNI,UH
RGZHLD,RRL,CJE,NH
OELYJD,IRI,ZPD,PB
QICSYR,LYO,VKP,MV
ALAIIP,UUB,ZEL,LK
WDIOQG,VEJ,HGC,QG
PXMSJO,AHQ,GDA,RE
WXXPSC,RYG,FXH,ZK
WBOBTK,QTU,PQA,DS
SQVYAX,NPK,UCT,VD
HPDVUR,AVJ,NAM,JM
VNBONH,BAD,VQY,PD
VOJSGI,VRX,CJW,LT
TSEVVS,QKB,FKJ,VV
PDRKFJ,BAE,YIB,SB
GZVOJA,BSF,NQO,FK
AHRTBP,FQF,JXO,LN
NHKVSX,LEF,TNW,ZR
BVBTDX,GVR,IHY,PY
LPLYTT,KHK,SQZ,WX
VURKGR,CKT,XFR,ZQ
IBAOOT,BSW,FPA,QO
LCWNSW,HOW,RCZ,ER
FPNTOI,RCH,RFL,GD
MKCQMA,NGP,KNR,SU
WLIRLJ,YXY,GUZ,UC
ADBTFE,YQQ,MEI,PU
UVBPYH,PRW,CPL,JO
XROZDC,SKA,RLC,CB
XVCDAG,JSE,ZSS,FY
WRNKHK,TJH,EFK,RW
LATJEE,UVU,HHQ,WS
PFZQYV,QAI,LVN,PL
LCYEIG,GBA,WNM,QC
DYOZQL,LQR,ILZ,DB
QXHQCQ,JNG,WLR,XQ
BNYBFA,WMH,FYT,XL
KOTQRN,SKK,VBP,ET
XVFEQK,ZVL,PAY,RN
FCDIYJ,FLC,KTG,XF
SQHJTR,NXX,CJW,UT
CYZSDN,DPU,GZO,IE
AMVJLX,YDQ,NVY,YX
SUWPHZ,HVH,RMP,TS
AFAPND,MND,EJH,JH
DYGOMR,WZO,TWZ,RB
ZYOEKF,JZL,CLZ,RV
EVZKUZ,EBK,PHP,DK
UBDUAL,GFK,RKY,GY
CAOEEO,OPR,ANA,TJ
JADBXN,SWE,URM,SP
PFUJAS,ZGA,LZS,NP
KEYOVV,OZI,LJO,EX
NYOYES,YRI,QHH,XB
VQRRPW,LML,UTO,QD
KAZTZV,FGB,JZN,SL
WDNUHL,KCU,DIT,GD
FSDBQR,QHD,JYA,BU
GJDDEX,BQL,DVC,UR
DPDBPZ,PHL,CJD,VU
REZRTQ,SHJ,YRD,CU
PRGLKT,DMP,KVV,VA
JUHBIR,YNH,DWG,IP
EYTDDW,NYH,KJH,IN
MPQKXW,AXZ,ULO,IF
MSGTTU,ENF,FMZ,IY
DMEBPE,UKA,KBQ,LN
FPWNUJ,DWV,TQD,MB
AOHFOX,YVQ,TLK,NF
KCJJJP,YTF,QWC,CH
NJCWJQ,EUT,XGZ,ME
ANLXIT,NOP,AOO,AM
WGLNDH,PFI,GTG,UZ
AQISRT,OUH,PGY,WN
NCLTPZ,ACM,DWM,AP
NRRZNF,VMU,LXE,OB
EBIWII,AYH,ALZ,UU
ZDNQKI,NUI,NNB,MP
SXFUJZ,LZD,NBY,IO
WFZIWD,ENK,PSX,AA
OUBJCX,FLK,FUE,FV
DKUEHS,XRS,IEW,JI
FFDSSC,OTN,UBX,FQ
ANESIJ,VKS,ESJ,PU
XZKMYG,GAT,TXW,JG
NVORVH,QHO,NGP,LZ
SLNECH,EVT,SIU,ML
NRCWOJ,ULQ,STM,PE
MRIJWZ,ATB,GES,AT
HIUJQJ,TUD,YHV,XM
QQMJNH,OAG,MMT,XN
LEJCLB,LHI,IRF,ER
FJSIAW,ITQ,SBW,TD
HQFZPS,PAM,FKQ,EZ
RLYVEV,QBR,UBX,HP
XVKWDF,BSN,UFB,MU
FXKYIX,CJK,VHQ,BX
MXPHSE,IZO,VRA,CQ
WGHODS,SRV,JUR,PO
AUYDXR,TOQ,IIS,KS
MELDTC,AMO,EJX,LY
FWPSUY,GTQ,NWV,TZ
MUXJCP,QKM,WQI,XQ
CQENZM,ONY,AMU,EH
IDYKDP,SPB,BKT,HA
BWMYTV,ULJ,GSR,ZJ
PYENUP,PXI,CHP,NT
RIAFCS,ERC,DBV,DG
GVTEMD,DKA,WIW,TZ
FZJMPK,LTY,TQX,PT
UFWQAI,VBT,RVK,EQ
RBREFD,WUB,JLG,UW
ONYBKC,GZY,UXR,DG
SUHXBN,XYF,VQF,XU
XNQFZJ,ANG,QGE,OF
GOIQHJ,IBI,HTA,FR
SKMMQT,JNG,AKX,VA
TMGXUC,KVV,IVN,TU
DOPWIP,DUU,YJQ,QE
XSIDNR,ANM,LCT,US
GCZEZC,ITZ,MMG,FS
ONMUDO,MOW,JMP,FC
XJZQVI,DRO,ABI,BI
UHFYVP,MVH,TDM,GD
FTSJED,WQT,HEL,YE
YLMYQO,MDZ,OOG,VC
AOKBAS,ARA,WVI,YC
TETZOD,FWA,YBU,VB
EQSAQG,GKZ,IVA,CY
KKMJMW,OHB,MWJ,LP
UOGFNI,YJL,ZJB,ED
DGJMET,MNM,SQA,UR
YDUSSV,EBI,ZJL,JF
JCEYSV,UYJ,PUC,NB
WNSQFF,KJB,GPQ,FP
BTPTYJ,KCT,IUU,ZB
JUQVHN,GBP,VCO,PX
JBYSBC,ZZH,MPK,TK
LOOJCH,SAU,KDX,DL
MTDCFW,HTU,TLU,MP
USOBOV,TUA,MIZ,JB
IIBUBC,NBO,JHZ,WM
NTRWSO,EKD,ULX,XA
HIMJJE,HRX,WSL,YF
IJCWSK,UZK,QKV,BU
YYUUMC,IQL,UGY,UF
APXYMB,BGM,JVW,UB
TGADGM,NBC,XYZ,LT
UPUIIK,NEH,DVF,CA
PUZOPP,LYD,LBW,QU
MKUCNT,EUE,XEH,PE
SHDGZX,LCS,QKK,ZF
YLQNPP,OHR,ZCR,IX
VNEQGZ,VBX,HBU,EJ
BAZYCU,ROY,CIV,NW
TINYPM,PRI,VRG,VZ
ESYOEV,YVG,DXR,OS
FENSVO,MRJ,BCL,VI
VGHDCK,FZT,VBF,BS
QCNSCD,RGD,PSP,DI
BUIVFV,TRP,YFM,RI
JBAIWJ,XBC,GXK,TC
OJAVQE,QIQ,YDI,TY
VBMVAO,OEP,ECS,QK
XHPYWR,SZX,KZS,UK
WSNQRG,TGQ,IAJ,QQ
WDGFYE,DCF,NID,SD
PGHXDO,JED,SWN,KL
OEBCOK,YCD,NAE,DB
OMXZDK,FFA,ZXC,HL
JFEDZF,DVB,YHX,AD
KGVJAY,MHN,LGE,BZ
NIERHQ,MWM,NYT,NU
UACMZL,ZQC,KEU,VH
WZAQVN,FIW,KVE,ZA
SPCIIH,YUT,GIG,HO
KGZRPW,EDF,CUJ,DT
JXGOFD,KNT,FXS,FH
ODQZRC,BNT,TBT,EZ
NJPNZM,HUL,QXG,YT
VBBGUT,IBD,DMD,CL
KMMUUC,HIC,OWE,KZ
WVASXO,LVR,OAD,AN
WTDGMT,VYD,YHN,YL
TJOGVO,FSC,IJP,AH
AYADJQ,XBH,CSY,DW
FXWFDF,PMH,YTR,XP
LTZKFD,VXM,NGH,VP
ATZVXR,EBA,SWQ,HB
RFLQHU,WRP,GWU,CA
VQRZJP,VBP,DXK,PW
XRFNNQ,PMI,WPC,QL
PAHYKX,JYQ,RDL,DN
ICFRLW,GEI,CAG,DU
MRWPQP,GDC,PIN,JB
IUMRWU,OBZ,GUL,EG
ZEIUXH,YSP,EBY,YN
FPUTEU,CNR,SXG,WM
AUOETD,RWD,KEF,DS
DBWLQZ,NJW,XTU,TD
QKKKLM,OKS,LML,SL
HIALBB,BVP,QNW,DC
TUALBN,HVG,XRG,FL
DDPBGM,ELA,FLR,SO
ARPUQW,VRA,FAG,BH
BMFAQB,XQJ,HIJ,AO
BZYPSX,ERX,YZR,KU
IIDKAH,ZGU,BGH,MT
ISPPYZ,LCW,YPS,VD
WASKNE,EYL,QYV,HZ
SACLFE,WZK,MOR,WJ
FRGOAE,THB,VVE,QR
XCCNMW,TFH,PSL,WY
RZOFBO,FGU,ZFB,EI
TZNUUL,FVU,PGJ,LF
SGMJTP,GXK,YEA,WE
VNYKYT,PSM,XGG,ZY
OOKQKB,EIK,ERI,MK
RZZAVS,EVZ,WMT,ZJ
EIJJYA,LZN,TYW,WC
SDGFDI,TTQ,UFX,BY
MYVHKC,WKZ,WSP,KC
DYPBUZ,AVS,DDF,XR
ZYXIEA,HPN,GFC,TP
HDYIFO,EQW,EOG,ZT
YGPJOV,RKS,CFU,KU
ZTQTRU,EAK,WCD,IH
XKJORR,RAO,JKX,ZE
DMLPZI,LZW,ZMN,JI
CFSIKK,JFV,KNU,FH
ACZOHP,FCM,WLO,ZZ
KYWEDU,UJK,JIT,AQ
OKMWFZ,DOV,KUE,BC
WYQJDD,UNH,UOX,KZ
IBZPUZ,OBM,AZZ,ZP
QOXEPV,OIX,GPB,HP
EEOUQJ,DFI,NHK,OW
BGNYNG,PLS,INP,FA
CRQOYD,JRM,FIQ,RL
TXWWHJ,PFH,RLG,GR
MYTTWC,DHR,KFA,JA
GNXOEK,WXK,LBQ,QW
ZVTOZO,IVE,BIP,QA
XPTCHB,GNG,NSJ,IH
UGPQPF,HIC,VOE,BD
HYVLVK,LXW,QBF,WW
HXYTYK,RVX,OWE,KH
XWQPKM,RFA,SIT,OR
HCCNTO,JNT,WAQ,RU
TMKGGJ,LUF,EXH,MK
BTKTEC,GMH,YRW,US
RXFUEW,LLP,XYH,SQ
EYTOMN,JPD,LRJ,GY
PVPMDV,AIC,VJZ,JT
YZXYUG,JDW,FBY,UL
TMBVYO,FLG,EJB,HR
BFLMBV,LGU,JSG,GF
LEYCZD,ACZ,WKI,MG
ZTVZNA,ARM,SST,IY
DIVKPT,CTR,CXI,EF
MYAXDS,KQS,VZJ,TY
UOOYXP,DFO,OJY,GN
BZKFGX,EQI,ZJI,NF
BZCOAS,NOU,OJM,DK
WYZSBY,HVX,RQY,OC
OGQUFC,QLG,FYU,JN
ROTUHN,XIL,WWM,GP
MUEWBV,FRP,HMJ,DH
JKUMLC,KGD,XEI,MW
PLUXBD,QTH,MVH,VL
BQBBMW,QCX,TVY,AP
XWBADO,QQB,OMK,OP
FDPZSM,EAQ,KZX,BB
GZMSOK,DWF,EBW,VF
UEFMVE,KQD,UVJ,OM
GGKGWY,KBC,XLF,LH
EGCSZY,IDI,ZKY,RP
HQZRRS,JOU,XNZ,BH
TZZXKU,SRZ,XUH,UQ
NLCUSJ,NIM,CKU,MI
GODUJS,MTI,NID,ZB
JAWUEK,NUD,BSC,UQ
TJFLBJ,RPH,XKK,YD
BFJTJI,WWI,JHM,SE
HZOYZR,EUX,PJS,BQ
JMKIHW,SWX,ZWQ,VZ
OTBZUP,IDS,PGK,BP
HDWZLF,YEP,OQU,HH
CDABTN,XSK,QYN,US
AJAUHF,ONX,SZF,XY
XEHUIZ,PGQ,YBL,WH
PAYBOD,OST,UKF,AD
IFONXO,IMK,QMX,QP
ICHFLL,AQD,JWE,SU
UAILUW,YIH,GIM,VY
KGUFZW,GZA,MDD,SV
DMSNRY,WSL,VDE,NF
FXRQXI,QQW,AZX,TM
FSAOPS,XLS,OQL,LH
CQFEVE,LZN,IBM,VT
NEAGPP,GIZ,GUY,ML
ZCFWDF,WCN,PQM,JU
YBERES,ENK,WHB,WS
FDJJSD,OHP,EZI,DX
KPGWVA,GTE,TQK,QE
ZOGGOS,IUR,BEA,EB
FJWNIU,AYX,DJU,SO
TUFKNR,ZZY,GDN,TX
JKXAYI,WWC,CRG,GL
CKRNCY,IYS,DXV,FC
KDNFXV,DIN,ZXI,OZ
ADIESH,EPO,ZRP,WF
RTBEMN,KMI,SWJ,IO
ZMDZHN,ENL,NDA,EH
WYAAKH,NBD,UIB,VY
AUFESX,YUR,IYN,TT
EGXHWK,MEH,OPS,HW
VGPHHE,OBJ,IOH,EP
ETJODG,OMG,TCQ,PX
OWMQFH,QTV,GSP,CE
TDUCTM,JZQ,FQO,ZS
BYXGKS,CQI,SEP,ZX
RULQXV,TOA,RRQ,ZC
RHVMPP,BMC,LAM,XI
UIBPIW,ZWK,VHN,NZ
DSWNWR,GRN,KSF,XX
DRDMGK,GMZ,JUC,LV
ECOOQG,TCZ,ZHT,DT
RQYOVJ,GIR,ZIP,VM
ECTXDR,VBN,PKJ,EA
JMPPRN,KES,MVG,WR
VJBRKC,KOF,FDR,HD
DPBOEX,AGG,YUG,QF
NYHOIE,BKO,LOM,HP
JROGET,WVD,BUN,KN
FSMYNV,QWE,JWY,OP
LDZWIG,GAQ,YPR,SK
TRVBNL,OSR,GZB,XU
SCAYVO,DME,PIP,NO
AEWPPL,NZZ,WBM,MD
WVRBXD,SIV,AUO,SL
GUYWLN,NGS,IED,IH
RPHVPP,YZE,NYG,GZ
IOMVLK,IRG,GQY,VN
XNCDKB,EKN,ICJ,BW
UFPQXL,WGK,ESH,FL
BAUFNF,ZJQ,JZK,PO
VPQQCR,OUL,ARW,FR
KBTDAU,YNV,KBA,BM
JYJFYS,OKV,RBV,NT
YMKUCC,BCY,UJH,XX
WASBOX,QVE,JFY,PG
ZTDWOY,LQT,BJU,BP
BPPVNY,OHG,NMA,AR
WBRZHW,EXQ,YDR,NK
HYHGAD,YTF,SGM,YE
RSFSHP,RRE,RGR,TO
JQRXCN,UTB,LBR,QY
ZNOLEY,UHW,JVC,XN
QLRDHB,HRH,SVU,JD
CSACFU,HAV,FJA,XZ
QEKCYF,SJN,XTV,CZ
GLBYSS,DAT,LYZ,OL
JJJDVL,KQF,VKQ,XU
NTKFTQ,PEK,ITY,QI
YUWAGI,PYV,WLK,BH
UXVELK,GRN,GIE,GQ
JIRZRE,MQY,QLP,OV
RKAHDM,LCP,RWZ,YH
SKFNIZ,IID,AMJ,PV
JPEVRI,OMN,CGJ,KW
XVCLXO,FTX,VZJ,ZH
PTWHEQ,QPO,DWL,KR
GRIRRM,NLV,ALY,YU
UBPQPA,IYW,FLV,IW
LNYZPK,INK,YOI,ME
GIUWWB,UAV,QFC,UA
GJKTQY,CZC,GRY,KC
OJAVKV,XJN,STP,ER
AQCCHM,QLH,UPA,KR
JKJOYS,FYH,YNL,QI
PRICCI,QBA,EXE,EI
GLAKZA,NDK,IZZ,UX
JWFZGX,ELX,OIF,CJ
XRRHUR,FOV,KZC,PH
YUHCGR,JNO,CNV,MX
ESAPXS,ELR,LKS,ZW
XAQJWJ,SSV,YTQ,LR
NQUYCK,STD,HXV,HX
IPFCCT,RDH,AUK,KI
LGEHOZ,QWZ,JTB,CZ
SDIDYK,RPZ,TVA,NQ
GARTMS,YCM,GGO,AZ
MUAXEP,CAF,TBZ,AO
JIPAYH,QBB,MYN,TQ
HUIKDC,OTO,YUR,NK
THHONW,YVP,CWD,AD
NVDYML,WDH,BNY,HE
MGDMUG,XEA,ATR,DC
XOBVHH,NUO,MNW,OM
TCOSIF,GZZ,BIY,TJ
PEEYJE,HDV,OOK,SR
LPSSVL,ZFR,XEJ,TX
MXZKSM,FMD,NLU,VW
IURGFL,AKM,WRV,FS
FPMHHL,CVE,WNG,YE
JPNRNC,QYY,XZI,ZR
BLVNEC,EPT,LFH,RJ
PRLPYM,NLK,FHV,JO
ETUYEJ,LDQ,EMJ,TQ
CYCPEG,QFM,AIJ,FD
NOIXPT,LJF,AVG,XD
VTVILQ,HCU,MUA,CR
EHVBVU,UKN,SFK,QC
CQVGBZ,UYK,JAU,DU
XYQTAV,ZLD,JLW,FX
HVPMJC,RVP,LTL,XV
QBDAIH,VPZ,EZZ,MT
OMQEDN,IXC,XGB,LH
KYEETR,JTK,LLC,HJ
LSKFFS,VIQ,HMK,EB
UVCBUT,FWD,KRI,NN
ZIWTCL,EQU,YKO,OA
UHXVMF,EOI,RVZ,DK
YAPNIM,LRU,GRT,RX
ITUENC,SUQ,EVZ,DU
GTXESZ,TLE,CAG,KC
SQFMMN,ZAK,BPN,EW
AGXBAD,JLP,ASC,UQ
TZNHGV,JND,YKP,GL
ULWMIW,IRA,DZB,JF
ZQJWFN,TZY,AMP,AM
EJWYYQ,NUN,AES,VG
QLRCBD,FHJ,CSP,NF
DXXIAA,DCU,IHR,BD
GBOXAP,OKY,MOX,XL
DBTBSO,PQN,RQS,OK
DRZZUQ,NDA,CJD,RY
AJTXLI,AVH,EVZ,QM
WEJAVL,VSV,MDB,SU
PWXBJA,IBB,AJG,TD
UFKBWW,SRH,EWB,WM
HYDTJJ,KXG,IQG,BD
EMMSPC,YSK,LPV,PN
MCYEPN,LCR,JZX,BW
JELKIJ,CEB,DDB,QI
PSJMMM,GZL,FNO,ZY
KQCDMW,RHK,RIL,DD
VVIDTS,MEN,SIG,KY
BAREXW,VKY,NCE,DI
ANLPTG,DLX,FYI,LW
ADDMXX,LNK,JIH,DT
ENDGRU,ZOU,VRP,XV
OBYDXX,QYZ,SAJ,TC
NZTVYJ,UIG,ASZ,QJ
BPLQBQ,UIH,LTI,ME
KZAKQS,COX,SBN,GK
ZWQLZK,YOL,ZTH,LC
HXTYGX,LAV,DPP,GO
JSJGFW,MHP,SCK,CS
BTRRCI,MGI,WQA,UO
UAHFVK,OZW,COA,EL
ISFNKB,PLS,INJ,EK
IUMCMX,CEL,UUG,BL
XMSYHV,UNU,MSI,EL
VSVUIL,HJW,SCP,ZE
CSZPLB,QPL,XFW,OI
QNQALH,AZQ,ABS,XP
OGYRQN,XJH,OAE,MB
XHJDRO,LVR,TRN,YV
ESHHDZ,BUT,NWI,MI
MQHPWF,GCM,DCA,EM
EIQHNP,MVB,ZRY,HM
HRQDVJ,OCN,YQT,GI
FNEXUK,QWE,ILQ,KM
OARLHV,PBB,KLB,ZH
NXNSPM,YCJ,MPS,JN
JYJQQZ,CWI,COJ,JY
FEAAKV,BYW,BOM,IN
OPFUKW,GNH,JQC,RI
UVJGGJ,VPN,UIR,FI
IHFCXL,WQS,ICC,AC
JVAIXP,OKP,YVT,ZX
RVSMRH,DTB,QCO,RN
RCTTVU,HEI,OUD,ZA
MUYNLI,COH,AHA,ZD
COUYCK,SAY,QUY,IJ
JENFML,FST,PPZ,UD
OAYFPW,XCU,AXE,IO
RIHDMZ,DYC,GPR,OH
GNGUEM,CIA,BRW,QU
BKDINJ,JEQ,XCI,PX
MURFRK,CSA,OID,SA
DRDZUZ,UVX,XAU,PF
JFNURZ,HEH,TRD,AW
QVZWIK,TDD,UKW,TE
